output,duration[s]
Analysis_Bolivia_WSF2019population_WSF3D_binary_7_4_filtered_Component_113965.shp,4.939193564
Analysis_Bolivia_WSF2019population_WSF3D_binary_6_10_filtered_Component_113761.shp,11.219115468
Analysis_Bolivia_WSF2019population_WSF3D_binary_6_1_filtered_Component_114226.shp,195.423750865
Analysis_Bolivia_WSF2019population_WSF3D_binary_11_6_filtered_Component_114161.shp,15.381372324
Analysis_Bolivia_WSF2019population_WSF3D_binary_3_13_filtered_Component_113291.shp,3.855819179
Analysis_Bolivia_WSF2019population_WSF3D_binary_1_8_filtered_Component_113050.shp,2.886827275
Analysis_Bolivia_WSF2019population_WSF3D_binary_1_7_filtered_Component_114243.shp,0.93055935
Analysis_Bolivia_WSF2019population_WSF3D_binary_6_2_filtered_Component_114169.shp,0.778899978
Analysis_Bolivia_WSF2019population_WSF3D_binary_6_12_filtered_Component_113884.shp,1.504800492
Analysis_Bolivia_WSF2019population_WSF3D_binary_2_9_filtered_Component_114220.shp,9.825564504
Analysis_Bolivia_WSF2019population_WSF3D_binary_7_10_filtered_Component_114079.shp,3.60520453
Analysis_Bolivia_WSF2019population_WSF3D_binary_13_8_filtered_Component_113598.shp,6.644816309
Analysis_Bolivia_WSF2019population_WSF3D_binary_8_11_filtered_Component_113804.shp,6.127446241
Analysis_Bolivia_WSF2019population_WSF3D_binary_1_7_filtered_Component_113064.shp,0.486852303
Analysis_Bolivia_WSF2019population_WSF3D_binary_4_6_filtered_Component_114192.shp,13.517412029
Analysis_Bolivia_WSF2019population_WSF3D_binary_7_1_filtered_Component_114232.shp,0.627658179
Analysis_Bolivia_WSF2019population_WSF3D_binary_1_7_filtered_Component_112542.shp,2755.849902728
Analysis_Bolivia_WSF2019population_WSF3D_binary_1_7_filtered_Component_112582.shp,0.308440483
Analysis_Bolivia_WSF2019population_WSF3D_binary_6_9_filtered_Component_114246.shp,54.66382172
Analysis_Bolivia_WSF2019population_WSF3D_binary_7_6_filtered_Component_112548.shp,40.815763704
Analysis_Bolivia_WSF2019population_WSF3D_binary_11_5_filtered_Component_113074.shp,12.190836896
Analysis_Bolivia_WSF2019population_WSF3D_binary_4_9_filtered_Component_113366.shp,4.708695328
Analysis_Bolivia_WSF2019population_WSF3D_binary_6_7_filtered_Component_114000.shp,7.707828593
Analysis_Bolivia_WSF2019population_WSF3D_binary_5_9_filtered_Component_114191.shp,14.8913845
Analysis_Bolivia_WSF2019population_WSF3D_binary_2_14_filtered_Component_113837.shp,6.647963815
Analysis_Bolivia_WSF2019population_WSF3D_binary_8_1_filtered_Component_113992.shp,26.522842493
Analysis_Bolivia_WSF2019population_WSF3D_binary_4_4_filtered_Component_114134.shp,8.865752575
Analysis_Bolivia_WSF2019population_WSF3D_binary_7_1_filtered_Component_113231.shp,2.862954055
Analysis_Bolivia_WSF2019population_WSF3D_binary_4_6_filtered_Component_112550.shp,1874.434525476
Analysis_Bolivia_WSF2019population_WSF3D_binary_4_5_filtered_Component_114166.shp,5.033528035
Analysis_Bolivia_WSF2019population_WSF3D_binary_9_7_filtered_Component_112665.shp,3.412622852
Analysis_Bolivia_WSF2019population_WSF3D_binary_7_2_filtered_Component_114234.shp,12.128923607
Analysis_Bolivia_WSF2019population_WSF3D_binary_10_8_filtered_Component_114016.shp,9.70789064
Analysis_Bolivia_WSF2019population_WSF3D_binary_9_8_filtered_Component_114145.shp,4.267124892
Analysis_Bolivia_WSF2019population_WSF3D_binary_2_10_filtered_Component_114154.shp,9.231271343
Analysis_Bolivia_WSF2019population_WSF3D_binary_14_5_filtered_Component_113298.shp,8.330587996
Analysis_Bolivia_WSF2019population_WSF3D_binary_3_10_filtered_Component_113771.shp,2.969905203
Analysis_Bolivia_WSF2019population_WSF3D_binary_3_3_filtered_Component_113893.shp,2.277474631
Analysis_Bolivia_WSF2019population_WSF3D_binary_8_5_filtered_Component_112970.shp,3.105914334
Analysis_Bolivia_WSF2019population_WSF3D_binary_1_8_filtered_Component_114241.shp,15.421251265
Analysis_Bolivia_WSF2019population_WSF3D_binary_15_5_filtered_Component_113634.shp,4.442792224
Analysis_Bolivia_WSF2019population_WSF3D_binary_5_11_filtered_Component_113863.shp,6.263250574
Analysis_Bolivia_WSF2019population_WSF3D_binary_6_0_filtered_Component_114164.shp,8.515513838
Analysis_Bolivia_WSF2019population_WSF3D_binary_5_4_filtered_Component_112800.shp,5.25269106
Analysis_Bolivia_WSF2019population_WSF3D_binary_0_13_filtered_Component_113869.shp,4.271160187
Analysis_Bolivia_WSF2019population_WSF3D_binary_0_9_filtered_Component_114221.shp,15.175726344
Analysis_Bolivia_WSF2019population_WSF3D_binary_13_5_filtered_Component_113697.shp,1.541832978
Analysis_Bolivia_WSF2019population_WSF3D_binary_9_5_filtered_Component_113946.shp,1.733423278
Analysis_Bolivia_WSF2019population_WSF3D_binary_2_4_filtered_Component_114176.shp,16.232767685
Analysis_Bolivia_WSF2019population_WSF3D_binary_2_8_filtered_Component_114143.shp,3.092565752
Analysis_Bolivia_WSF2019population_WSF3D_binary_1_11_filtered_Component_113255.shp,0.723310142
Analysis_Bolivia_WSF2019population_WSF3D_binary_3_2_filtered_Component_113013.shp,4.891331463
Analysis_Bolivia_WSF2019population_WSF3D_binary_9_6_filtered_Component_112934.shp,0.232918161
Analysis_Bolivia_WSF2019population_WSF3D_binary_7_7_filtered_Component_114230.shp,12.858328366
Analysis_Bolivia_WSF2019population_WSF3D_binary_3_11_filtered_Component_113954.shp,5.727115829
Analysis_Bolivia_WSF2019population_WSF3D_binary_3_8_filtered_Component_112752.shp,8.85553016
Analysis_Bolivia_WSF2019population_WSF3D_binary_5_8_filtered_Component_114162.shp,19.139255467
Analysis_Bolivia_WSF2019population_WSF3D_binary_7_6_filtered_Component_114022.shp,3.292964737
Analysis_Bolivia_WSF2019population_WSF3D_binary_9_3_filtered_Component_113714.shp,1.372292832
Analysis_Bolivia_WSF2019population_WSF3D_binary_3_5_filtered_Component_112545.shp,101.14994603
Analysis_Bolivia_WSF2019population_WSF3D_binary_8_3_filtered_Component_114250.shp,16.959295251
Analysis_Bolivia_WSF2019population_WSF3D_binary_1_9_filtered_Component_113180.shp,1.751874652
Analysis_Bolivia_WSF2019population_WSF3D_binary_12_6_filtered_Component_113650.shp,9.424806412
Analysis_Bolivia_WSF2019population_WSF3D_binary_10_7_filtered_Component_114056.shp,7.111803175
Analysis_Bolivia_WSF2019population_WSF3D_binary_5_5_filtered_Component_113120.shp,2.20351101
Analysis_Bolivia_WSF2019population_WSF3D_binary_5_7_filtered_Component_114129.shp,10.227584046
Analysis_Bolivia_WSF2019population_WSF3D_binary_3_6_filtered_Component_114171.shp,6.947000413
Analysis_Bolivia_WSF2019population_WSF3D_binary_7_8_filtered_Component_114149.shp,17.895489344
Analysis_Bolivia_WSF2019population_WSF3D_binary_5_10_filtered_Component_113918.shp,2.992251472
Analysis_Bolivia_WSF2019population_WSF3D_binary_0_8_filtered_Component_114156.shp,8.689892725
Analysis_Bolivia_WSF2019population_WSF3D_binary_8_8_filtered_Component_114218.shp,7.892051412
Analysis_Bolivia_WSF2019population_WSF3D_binary_0_14_filtered_Component_113038.shp,1.476910443
Analysis_Bolivia_WSF2019population_WSF3D_binary_3_7_filtered_Component_114007.shp,3.064292242
Analysis_Bolivia_WSF2019population_WSF3D_binary_7_12_filtered_Component_113683.shp,1.148180462
Analysis_Bolivia_WSF2019population_WSF3D_binary_3_4_filtered_Component_114233.shp,19.155571125
Analysis_Bolivia_WSF2019population_WSF3D_binary_8_5_filtered_Component_112621.shp,9.723031936
Analysis_Bolivia_WSF2019population_WSF3D_binary_2_8_filtered_Component_113045.shp,6.382823366
Analysis_Bolivia_WSF2019population_WSF3D_binary_0_6_filtered_Component_114132.shp,3.521688289
Analysis_Bolivia_WSF2019population_WSF3D_binary_1_6_filtered_Component_114248.shp,8.078533371
Analysis_Bolivia_WSF2019population_WSF3D_binary_4_5_filtered_Component_112757.shp,28.803075824
Analysis_Bolivia_WSF2019population_WSF3D_binary_6_3_filtered_Component_114074.shp,14.536093532
Analysis_Bolivia_WSF2019population_WSF3D_binary_5_6_filtered_Component_114235.shp,4.422343228
Analysis_Bolivia_WSF2019population_WSF3D_binary_13_7_filtered_Component_113678.shp,1.092283466
Analysis_Bolivia_WSF2019population_WSF3D_binary_8_5_filtered_Component_114122.shp,3.93406767
Analysis_Bolivia_WSF2019population_WSF3D_binary_3_9_filtered_Component_114019.shp,8.014162236
Analysis_Bolivia_WSF2019population_WSF3D_binary_8_2_filtered_Component_113953.shp,1.343995169
Analysis_Bolivia_WSF2019population_WSF3D_binary_5_1_filtered_Component_112704.shp,10.827474225
Analysis_Bolivia_WSF2019population_WSF3D_binary_14_4_filtered_Component_113316.shp,1.127650864
Analysis_Bolivia_WSF2019population_WSF3D_binary_1_3_filtered_Component_113735.shp,4.887071923
Analysis_Bolivia_WSF2019population_WSF3D_binary_2_7_filtered_Component_114231.shp,1.539586742
Analysis_Bolivia_WSF2019population_WSF3D_binary_0_7_filtered_Component_114224.shp,8.642938196
Analysis_Bolivia_WSF2019population_WSF3D_binary_7_3_filtered_Component_114175.shp,7.989385574
Analysis_Bolivia_WSF2019population_WSF3D_binary_3_8_filtered_Component_114173.shp,2.332380825
Analysis_Bolivia_WSF2019population_WSF3D_binary_6_7_filtered_Component_113344.shp,7.339403672
Analysis_Bolivia_WSF2019population_WSF3D_binary_11_8_filtered_Component_113737.shp,4.934269797
Analysis_Bolivia_WSF2019population_WSF3D_binary_1_4_filtered_Component_113053.shp,2.180816128
Analysis_Bolivia_WSF2019population_WSF3D_binary_3_1_filtered_Component_114023.shp,3.375135103
Analysis_Bolivia_WSF2019population_WSF3D_binary_5_2_filtered_Component_114060.shp,11.475377957
Analysis_Bolivia_WSF2019population_WSF3D_binary_9_3_filtered_Component_113543.shp,6.615076496
Analysis_Bolivia_WSF2019population_WSF3D_binary_9_6_filtered_Component_113569.shp,6.803256624
Analysis_Bolivia_WSF2019population_WSF3D_binary_8_6_filtered_Component_112615.shp,0.334461238
Analysis_Bolivia_WSF2019population_WSF3D_binary_5_15_filtered_Component_113416.shp,4.917518992
Analysis_Bolivia_WSF2019population_WSF3D_binary_1_13_filtered_Component_113909.shp,4.516081204
Analysis_Bolivia_WSF2019population_WSF3D_binary_5_3_filtered_Component_114245.shp,6.873052607
Analysis_Bolivia_WSF2019population_WSF3D_binary_6_5_filtered_Component_113839.shp,5.536450243
Analysis_Bolivia_WSF2019population_WSF3D_binary_4_1_filtered_Component_113630.shp,8.577789915
Analysis_Bolivia_WSF2019population_WSF3D_binary_1_14_filtered_Component_112612.shp,31.936707538
Analysis_Bolivia_WSF2019population_WSF3D_binary_1_5_filtered_Component_112943.shp,1.1467791
Analysis_Bolivia_WSF2019population_WSF3D_binary_10_11_filtered_Component_113762.shp,2.02041354
Analysis_Bolivia_WSF2019population_WSF3D_binary_8_4_filtered_Component_114249.shp,3.102155569
Analysis_Bolivia_WSF2019population_WSF3D_binary_3_10_filtered_Component_112576.shp,19.123771478
Analysis_Bolivia_WSF2019population_WSF3D_binary_1_9_filtered_Component_114168.shp,9.751816222
Analysis_Bolivia_WSF2019population_WSF3D_binary_6_4_filtered_Component_114237.shp,10.195655211
Analysis_Bolivia_WSF2019population_WSF3D_binary_5_1_filtered_Component_114126.shp,5.573286575
Analysis_Bolivia_WSF2019population_WSF3D_binary_9_6_filtered_Component_112596.shp,7.666017547
Analysis_Bolivia_WSF2019population_WSF3D_binary_7_5_filtered_Component_114042.shp,13.224547169
Analysis_Bolivia_WSF2019population_WSF3D_binary_2_0_filtered_Component_113226.shp,1.317982964
Analysis_Bolivia_WSF2019population_WSF3D_binary_4_6_filtered_Component_112913.shp,3.918500184
Analysis_Bolivia_WSF2019population_WSF3D_binary_7_1_filtered_Component_112551.shp,23.358624272
Analysis_Bolivia_WSF2019population_WSF3D_binary_11_7_filtered_Component_112909.shp,13.435627187
Analysis_Bolivia_WSF2019population_WSF3D_binary_14_7_filtered_Component_112747.shp,0.710042259
Analysis_Bolivia_WSF2019population_WSF3D_binary_1_4_filtered_Component_113970.shp,15.134851607
Analysis_Bolivia_WSF2019population_WSF3D_binary_8_6_filtered_Component_112672.shp,0.425542116
Analysis_Bolivia_WSF2019population_WSF3D_binary_6_6_filtered_Component_114244.shp,12.043878697
Analysis_Bolivia_WSF2019population_WSF3D_binary_4_7_filtered_Component_114212.shp,2.767584353
Analysis_Bolivia_WSF2019population_WSF3D_binary_8_6_filtered_Component_112881.shp,0.28046658
Analysis_Bolivia_WSF2019population_WSF3D_binary_3_15_filtered_Component_113639.shp,9.205176702
Analysis_Bolivia_WSF2019population_WSF3D_binary_2_5_filtered_Component_114041.shp,8.303910151
Analysis_Bolivia_WSF2019population_WSF3D_binary_6_3_filtered_Component_112733.shp,7.041756353
Analysis_Bolivia_WSF2019population_WSF3D_binary_9_7_filtered_Component_113972.shp,5.310682571
Analysis_Bolivia_WSF2019population_WSF3D_binary_5_7_filtered_Component_112713.shp,20.478546692
Analysis_Bolivia_WSF2019population_WSF3D_binary_15_4_filtered_Component_114013.shp,9.359313343
Analysis_Bolivia_WSF2019population_WSF3D_binary_9_4_filtered_Component_114021.shp,7.402711699
Analysis_Bolivia_WSF2019population_WSF3D_binary_2_1_filtered_Component_113925.shp,3.164489051
Analysis_Bolivia_WSF2019population_WSF3D_binary_6_11_filtered_Component_113282.shp,8.691125583
Analysis_Bolivia_WSF2019population_WSF3D_binary_13_6_filtered_Component_112993.shp,7.496670544
Analysis_Bolivia_WSF2019population_WSF3D_binary_3_5_filtered_Component_114036.shp,3.110572625
Analysis_Bolivia_WSF2019population_WSF3D_binary_9_3_filtered_Component_112660.shp,0.970854108
Analysis_Bolivia_WSF2019population_WSF3D_binary_8_6_filtered_Component_112558.shp,3973.739435086
Analysis_Bolivia_WSF2019population_WSF3D_binary_6_0_filtered_Component_112609.shp,19.658969952
Analysis_Bolivia_WSF2019population_WSF3D_binary_4_6_filtered_Component_113731.shp,6.852058449
Analysis_Bolivia_WSF2019population_WSF3D_binary_8_6_filtered_Component_112643.shp,0.70542515
Analysis_Bolivia_WSF2019population_WSF3D_binary_5_5_filtered_Component_114236.shp,11.689959622
Analysis_Bolivia_WSF2019population_WSF3D_binary_3_14_filtered_Component_113753.shp,1.347634148
Analysis_Bolivia_WSF2019population_WSF3D_binary_10_11_filtered_Component_113491.shp,10.156895841
Analysis_Bolivia_WSF2019population_WSF3D_binary_4_3_filtered_Component_113933.shp,17.005372032
Analysis_Bolivia_WSF2019population_WSF3D_binary_0_5_filtered_Component_114185.shp,9.958214898
Analysis_Bolivia_WSF2019population_WSF3D_binary_12_5_filtered_Component_113595.shp,13.639632762
Analysis_Bolivia_WSF2019population_WSF3D_binary_4_13_filtered_Component_113564.shp,1.350967832
Analysis_Bolivia_WSF2019population_WSF3D_binary_2_3_filtered_Component_113776.shp,1.163099592
Analysis_Bolivia_WSF2019population_WSF3D_binary_1_7_filtered_Component_112602.shp,0.61179807
Analysis_Bolivia_WSF2019population_WSF3D_binary_5_14_filtered_Component_113673.shp,26.139899762
Analysis_Bolivia_WSF2019population_WSF3D_binary_2_8_filtered_Component_112950.shp,4.353233323
Analysis_Bolivia_WSF2019population_WSF3D_binary_2_2_filtered_Component_113711.shp,3.560794727
Analysis_Bolivia_WSF2019population_WSF3D_binary_7_0_filtered_Component_113786.shp,16.019342918
Analysis_Bolivia_WSF2019population_WSF3D_binary_5_4_filtered_Component_114203.shp,137.607255304
Analysis_Bolivia_WSF2019population_WSF3D_binary_4_1_filtered_Component_113815.shp,1.379036708
Analysis_Bolivia_WSF2019population_WSF3D_binary_2_6_filtered_Component_114102.shp,20.944522246
Analysis_Bolivia_WSF2019population_WSF3D_binary_8_2_filtered_Component_113092.shp,9.972211161
Analysis_Bolivia_WSF2019population_WSF3D_binary_0_10_filtered_Component_113613.shp,2.736827279
Analysis_Bolivia_WSF2019population_WSF3D_binary_5_0_filtered_Component_112570.shp,4.092597194
Analysis_Bolivia_WSF2019population_WSF3D_binary_9_7_filtered_Component_114247.shp,17.627460912
Analysis_Bolivia_WSF2019population_WSF3D_binary_4_14_filtered_Component_114142.shp,15.648681989
Analysis_Bolivia_WSF2019population_WSF3D_binary_10_6_filtered_Component_114251.shp,11.173898728
Analysis_Bolivia_WSF2019population_WSF3D_binary_9_11_filtered_Component_113681.shp,0.784010102
Analysis_Bolivia_WSF2019population_WSF3D_binary_7_9_filtered_Component_114137.shp,7.37518385
Analysis_Bolivia_WSF2019population_WSF3D_binary_5_6_filtered_Component_112957.shp,4.029152397
Analysis_Bolivia_WSF2019population_WSF3D_binary_9_6_filtered_Component_114239.shp,18.647722999
Analysis_Bolivia_WSF2019population_WSF3D_binary_8_6_filtered_Component_114223.shp,3.676720918
Analysis_Bolivia_WSF2019population_WSF3D_binary_9_7_filtered_Component_112667.shp,10.268750092
Analysis_Bolivia_WSF2019population_WSF3D_binary_10_5_filtered_Component_113911.shp,9.016604448
Analysis_Bolivia_WSF2019population_WSF3D_binary_4_2_filtered_Component_113888.shp,8.510170998
Analysis_Bolivia_WSF2019population_WSF3D_binary_8_7_filtered_Component_114214.shp,7.005679328
Analysis_Bolivia_WSF2019population_WSF3D_binary_5_1_filtered_Component_113458.shp,6.672149871
Analysis_Bolivia_WSF2019population_WSF3D_binary_7_11_filtered_Component_113708.shp,3.681293225
